reuniao_id,texto
R001,"CS: Oi Carla, tudo bem? Loja Moema esta usando bem o painel. Cliente: Sim, queremos expandir para o modulo de estoque avancado. CS: Posso agendar um treino semana que vem. Contato: carla.mendes@lojamail.com"
R002,"Cliente Rafael Dias 11988881234: o app travou de novo no caixa, terceira vez no mes. CS: vou abrir chamado. Cliente: estou bem insatisfeito, pensei em cancelar o plano."
R003,"Loja Centro. Ana Souza CPF 412.460.130-15. Cliente: a ferramenta de etiquetas nao imprime. Ja ligamos no suporte duas vezes. CS: entendi, vou priorizar. Cliente: se nao resolver, a gente reduz lojas no contrato."
R004,""
R005,"Follow-up Moema. Cliente: o treino de estoque foi otimo, NPS interno alto. Pediram proposta do modulo fiscal. CS: envio ate sexta."
R006,"Loja Santana inativa no cadastro mas ainda na call. Fernanda: nao usamos mais a ferramenta ha 2 meses, so renovamos por inercia. CS: vamos revisar o plano."
R007,"Loja Moema Sul ok. Diego: tudo estavel, so duvida de relatorio. CS: mostrei o caminho no menu."
R008,"Loja Lapa. Patricia: checkout lento no sabado. Ticket 8841 aberto. Cliente: equipe cansada de workaround. CS: prazo de fix na sprint."
R010,"Loja Centro de novo. Impressao de etiqueta ainda falha. Ana Souza ana.souza3@email.com. Cliente: NPS desta call e 1. Quero falar com gestor."
